"Example","Method","Feq","D","SPR","SB","catchB","YPR","nfleets","allocation_type","F_fleet_1","F_fleet_2","F_fleet_3","input_prop_fleet_1","input_prop_fleet_2","input_prop_fleet_3","target_catch_prop_fleet_1","target_catch_prop_fleet_2","target_catch_prop_fleet_3","catchB_fleet_1","catchB_fleet_2","catchB_fleet_3","final_effort_prop_fleet_1","final_effort_prop_fleet_2","final_effort_prop_fleet_3","actual_catch_prop_fleet_1","actual_catch_prop_fleet_2","actual_catch_prop_fleet_3"
"Example1_IdenticalFleets_Fixed","Single_Fleet",0.2,0.035,0.24,276879.6,92871.8,64.345,1,"single_fleet",0.2,NA,NA,1,NA,NA,NA,NA,NA,92871.8,NA,NA,NA,NA,NA,NA,NA,NA
"Example1_IdenticalFleets_Fixed","Multi_Original",0.2,0.035,0.24,276879.6,92871.8,64.345,2,"effort",0.1,0.1,NA,0.5,0.5,NA,NA,NA,NA,46435.9,46435.9,NA,NA,NA,NA,NA,NA,NA
"Example1_IdenticalFleets_Fixed","Multi2_Effort",0.2,0.035,0.24,276879.6,92871.8,64.345,2,"effort",0.1,0.1,NA,0.5,0.5,NA,NA,NA,NA,46435.9,46435.9,NA,0.5,0.5,NA,NA,NA,NA
"Example1_IdenticalFleets_Fixed","Multi2_Catch",0.2,0.035,0.24,276879.6,92871.8,64.345,2,"catch",0.1,0.1,NA,0.5,0.5,NA,0.5,0.5,NA,46435.9,46435.9,NA,0.5,0.5,NA,0.5,0.5,NA
"Example2_IdenticalFleets_FitDepletion","Single_Fleet",0.0615,0.4,0.528,3193820.3,359781.8,47.471,1,"single_fleet",0.0615,NA,NA,1,NA,NA,NA,NA,NA,359781.8,NA,NA,NA,NA,NA,NA,NA,NA
"Example2_IdenticalFleets_FitDepletion","Multi_Original",0.0615,0.4,0.528,3193820.3,359781.8,47.471,2,"effort",0.0308,0.0308,NA,0.5,0.5,NA,NA,NA,NA,179890.9,179890.9,NA,NA,NA,NA,NA,NA,NA
"Example2_IdenticalFleets_FitDepletion","Multi2_Effort",0.0615,0.4,0.528,3193820.3,359781.8,47.471,2,"effort",0.0308,0.0308,NA,0.5,0.5,NA,NA,NA,NA,179890.9,179890.9,NA,0.5,0.5,NA,NA,NA,NA
"Example2_IdenticalFleets_FitDepletion","Multi2_Catch",0.0615,0.4,0.528,3193820.3,359781.8,47.471,2,"catch",0.0308,0.0308,NA,0.5,0.5,NA,0.5,0.5,NA,179890.9,179890.9,NA,0.5,0.5,NA,0.5,0.5,NA
"Example3_IdenticalFleets_DiffProps","Single_Fleet",0.0615,0.4,0.528,3193820.3,359781.8,47.471,1,"single_fleet",0.0615,NA,NA,1,NA,NA,NA,NA,NA,359781.8,NA,NA,NA,NA,NA,NA,NA,NA
"Example3_IdenticalFleets_DiffProps","Multi_Original",0.0615,0.4,0.528,3193820.3,359781.8,47.471,2,"effort",0.0123,0.0492,NA,0.2,0.8,NA,NA,NA,NA,71956.4,287825.5,NA,NA,NA,NA,NA,NA,NA
"Example3_IdenticalFleets_DiffProps","Multi2_Effort",0.0615,0.4,0.528,3193820.3,359781.8,47.471,2,"effort",0.0123,0.0492,NA,0.2,0.8,NA,NA,NA,NA,71956.4,287825.5,NA,0.2,0.8,NA,NA,NA,NA
"Example3_IdenticalFleets_DiffProps","Multi2_Catch",0.0615,0.4,0.528,3193820.3,359781.8,47.471,2,"catch",0.0129,0.0486,NA,0.2,0.8,NA,0.2,0.8,NA,75363,284418.9,NA,0.209,0.791,NA,0.209,0.791,NA
"Example4_DiffSelectivity_50-50","Single_Fleet",0.0615,0.4,0.528,3193820.3,359781.8,47.471,1,"single_fleet",0.0615,NA,NA,1,NA,NA,NA,NA,NA,359781.8,NA,NA,NA,NA,NA,NA,NA,NA
"Example4_DiffSelectivity_50-50","Multi_Original",0.0627,0.4,0.528,3193820.2,363699,47.988,2,"effort",0.0314,0.0314,NA,0.5,0.5,NA,NA,NA,NA,183333.4,180365.6,NA,NA,NA,NA,NA,NA,NA
"Example4_DiffSelectivity_50-50","Multi2_Effort",0.0627,0.4,0.528,3193820.2,363699,47.988,2,"effort",0.0314,0.0314,NA,0.5,0.5,NA,NA,NA,NA,183333.4,180365.6,NA,0.5,0.5,NA,NA,NA,NA
"Example4_DiffSelectivity_50-50","Multi2_Catch",0.0627,0.4,0.528,3193820.2,363699,47.988,2,"catch",0.0314,0.0314,NA,0.5,0.5,NA,0.5,0.5,NA,183333.4,180365.6,NA,0.5,0.5,NA,0.504,0.496,NA
"Example5_DiffSelectivity_70-30","Single_Fleet",0.0615,0.4,0.528,3193820.3,359781.8,47.471,1,"single_fleet",0.0615,NA,NA,1,NA,NA,NA,NA,NA,359781.8,NA,NA,NA,NA,NA,NA,NA,NA
"Example5_DiffSelectivity_70-30","Multi_Original",0.0622,0.4,0.528,3193820.3,362111.8,47.779,2,"effort",0.0436,0.0187,NA,0.7,0.3,NA,NA,NA,NA,254711.9,107399.8,NA,NA,NA,NA,NA,NA,NA
"Example5_DiffSelectivity_70-30","Multi2_Effort",0.0622,0.4,0.528,3193820.3,362111.8,47.779,2,"effort",0.0436,0.0187,NA,0.7,0.3,NA,NA,NA,NA,254711.9,107399.8,NA,0.7,0.3,NA,NA,NA,NA
"Example5_DiffSelectivity_70-30","Multi2_Catch",0.0623,0.4,0.528,3193820.3,362208.8,47.791,2,"catch",0.0428,0.0195,NA,0.7,0.3,NA,0.7,0.3,NA,250345.2,111863.6,NA,0.688,0.312,NA,0.691,0.309,NA
"Example6_ThreeFleets_DiffSel","Single_Fleet",0.0615,0.4,0.528,3193820.3,359781.8,47.471,1,"single_fleet",0.0615,NA,NA,1,NA,NA,NA,NA,NA,359781.8,NA,NA,NA,NA,NA,NA,NA,NA
"Example6_ThreeFleets_DiffSel","Multi_Original",0.0621,0.4,0.528,3193820.3,361389.9,47.683,3,"effort",0.0217,0.028,0.0124,0.35,0.45,0.2,NA,NA,NA,127129,160815.3,73445.6,NA,NA,NA,NA,NA,NA
"Example6_ThreeFleets_DiffSel","Multi2_Effort",0.0621,0.4,0.528,3193820.3,361389.9,47.683,3,"effort",0.0217,0.028,0.0124,0.35,0.45,0.2,NA,NA,NA,127129,160815.3,73445.6,0.35,0.45,0.2,NA,NA,NA
"Example6_ThreeFleets_DiffSel","Multi2_Catch",0.0621,0.4,0.528,3193820.3,361334.8,47.676,3,"catch",0.0214,0.0279,0.0128,0.35,0.45,0.2,0.35,0.45,0.2,125033.7,160755.8,75545.3,0.344,0.45,0.206,0.346,0.445,0.209
